weight,weight,weight,weight,weight,weight
0.63997881656511635,0.82920109332967595,0.95646825291051918,0.39843666665183225,0.95025237414531982,0.61959648394007072
0.35404867974764143,0.33033712968711609,0.58864013319306085,0.81476689633669652,0.92012825371703522,0.28105941241656401
0.68786139026650295,0.22896817104377232,0.65730403953106331,0.68421852527382709,0.14766001475400292,0.7860020980173732
0.16597416632155615,0.89337241458397931,0.85867632592966614,0.9109720307919067,0.88106216950391525,0.30745787374091238
0.44010452760388352,0.35036017855180435,0.43955991949865592,0.48249065665644159,0.64108059631710901,0.44703357920378145
0.88007523626092599,0.68666990831804919,0.9239697889070817,0.21582495896882609,0.43195341826973177,0.22610662515559543
