weight,weight,weight,weight,weight,weight,weight
0.18753310953617705,0.10317118843233734,0.68444501687048231,0.58448850064747426,0.16410193367120901,0.17621065637851629,0.63945834554706626
0.27623467206779617,0.1260753390966334,0.38318833121247048,0.24441273568403568,0.74507138912802162,0.24006237240511102,0.75973484188305906
0.55644375530837276,0.49544406658757667,0.74977088242292911,0.15238979186508328,0.074529800598756316,0.79779805187033404,0.093480477153081665
0.4165012805799494,0.7604752284290619,0.36866354167864823,0.73214851586713847,0.95010403168858215,0.73265441168688905,0.13490241166898162
0.16960708618611428,0.98475166502629952,0.29416036200437712,0.12547490472228962,0.052529262403272679,0.65656365298506048,0.52021006984645968
0.9068039338601771,0.93500398655189387,0.23226153861370941,0.79347038818219229,0.52156337980253775,0.96740513852210952,0.07823214171371988
